<?xml version="1.0" encoding ="utf-8"?>
    <library name="library.swf">
      <script name="castle_m1" mod="1252482578140" >
        <def id="castle_m1" /> 
        <dep id="flash.display:BitmapData" type="i" /> 
        <dep id="AS3" type="n" /> 
      </script>
      <script name="castle_p1" mod="1252482578156" >
        <def id="castle_p1" /> 
        <dep id="flash.display:BitmapData" type="i" /> 
        <dep id="AS3" type="n" /> 
      </script>
      <script name="castle_t1" mod="1252482578156" >
        <def id="castle_t1" /> 
        <dep id="flash.display:BitmapData" type="i" /> 
        <dep id="AS3" type="n" /> 
      </script>
      <script name="castle_t2" mod="1252482578156" >
        <def id="castle_t2" /> 
        <dep id="flash.display:BitmapData" type="i" /> 
        <dep id="AS3" type="n" /> 
      </script>
      <script name="castle_t3" mod="1252482578156" >
        <def id="castle_t3" /> 
        <dep id="flash.display:BitmapData" type="i" /> 
        <dep id="AS3" type="n" /> 
      </script>
      <script name="castle_t4" mod="1252482578156" >
        <def id="castle_t4" /> 
        <dep id="flash.display:BitmapData" type="i" /> 
        <dep id="AS3" type="n" /> 
      </script>
      <script name="grass" mod="1252482578156" >
        <def id="grass" /> 
        <dep id="flash.display:BitmapData" type="i" /> 
        <dep id="AS3" type="n" /> 
      </script>
      <script name="hill1" mod="1252482578156" >
        <def id="hill1" /> 
        <dep id="flash.display:BitmapData" type="i" /> 
        <dep id="AS3" type="n" /> 
      </script>
      <script name="hill2" mod="1252482578156" >
        <def id="hill2" /> 
        <dep id="flash.display:BitmapData" type="i" /> 
        <dep id="AS3" type="n" /> 
      </script>
      <script name="hill3" mod="1252482578156" >
        <def id="hill3" /> 
        <dep id="flash.display:BitmapData" type="i" /> 
        <dep id="AS3" type="n" /> 
      </script>
      <script name="lake1" mod="1252482578156" >
        <def id="lake1" /> 
        <dep id="flash.display:BitmapData" type="i" /> 
        <dep id="AS3" type="n" /> 
      </script>
      <script name="lake2" mod="1252482578156" >
        <def id="lake2" /> 
        <dep id="flash.display:BitmapData" type="i" /> 
        <dep id="AS3" type="n" /> 
      </script>
      <script name="lake3" mod="1252482578156" >
        <def id="lake3" /> 
        <dep id="flash.display:BitmapData" type="i" /> 
        <dep id="AS3" type="n" /> 
      </script>
      <script name="mine_farm" mod="1252482578156" >
        <def id="mine_farm" /> 
        <dep id="flash.display:BitmapData" type="i" /> 
        <dep id="AS3" type="n" /> 
      </script>
      <script name="mine_gold" mod="1252482578156" >
        <def id="mine_gold" /> 
        <dep id="flash.display:BitmapData" type="i" /> 
        <dep id="AS3" type="n" /> 
      </script>
      <script name="mine_silver" mod="1252482578156" >
        <def id="mine_silver" /> 
        <dep id="flash.display:BitmapData" type="i" /> 
        <dep id="AS3" type="n" /> 
      </script>
      <script name="mine_stone" mod="1252482578156" >
        <def id="mine_stone" /> 
        <dep id="flash.display:BitmapData" type="i" /> 
        <dep id="AS3" type="n" /> 
      </script>
      <script name="mine_wood" mod="1252482578156" >
        <def id="mine_wood" /> 
        <dep id="flash.display:BitmapData" type="i" /> 
        <dep id="AS3" type="n" /> 
      </script>
      <script name="shambles" mod="1252482578156" >
        <def id="shambles" /> 
        <dep id="flash.display:BitmapData" type="i" /> 
        <dep id="AS3" type="n" /> 
      </script>
      <script name="temple" mod="1252482578156" >
        <def id="temple" /> 
        <dep id="flash.display:BitmapData" type="i" /> 
        <dep id="AS3" type="n" /> 
      </script>
      <script name="tower" mod="1252482578156" >
        <def id="tower" /> 
        <dep id="flash.display:BitmapData" type="i" /> 
        <dep id="AS3" type="n" /> 
      </script>
      <script name="tree1" mod="1252482578156" >
        <def id="tree1" /> 
        <dep id="flash.display:BitmapData" type="i" /> 
        <dep id="AS3" type="n" /> 
      </script>
      <script name="tree2" mod="1252482578156" >
        <def id="tree2" /> 
        <dep id="flash.display:BitmapData" type="i" /> 
        <dep id="AS3" type="n" /> 
      </script>
      <script name="tree3" mod="1252482578156" >
        <def id="tree3" /> 
        <dep id="flash.display:BitmapData" type="i" /> 
        <dep id="AS3" type="n" /> 
      </script>
    </library>
